Model,task,Batch_Size,CPU_Time_ms,GPU_Time_ms,d_model,hidden_size,nhead,num_encoder_layers,num_features,num_layers
cnnBiLSTM,detection,1,1.3795482274144888,1.3190982863307,,32.0,,,30,1.0
cnnBiLSTM,detection,1,1.8062815256416798,1.8598745949566364,,32.0,,,30,2.0
cnnBiLSTM,detection,1,2.220565527677536,2.3725169990211725,,32.0,,,30,3.0
cnnBiLSTM,detection,1,1.4054943714290857,1.3157523795962334,,64.0,,,30,1.0
cnnBiLSTM,detection,1,1.8694980721920729,1.8485571723431349,,64.0,,,30,2.0
cnnBiLSTM,detection,1,2.330620000138879,2.360105337575078,,64.0,,,30,3.0
cnnBiLSTM,detection,1,1.2405600864440203,1.3157735485583544,,128.0,,,30,1.0
cnnBiLSTM,detection,1,1.6593851521611214,1.8508548755198717,,128.0,,,30,2.0
cnnBiLSTM,detection,1,2.0662188716232777,2.3631876707077026,,128.0,,,30,3.0
cnnBiLSTM,detection,1,1.2959457840770483,1.4085438381880522,,256.0,,,30,1.0
cnnBiLSTM,detection,1,1.865072501823306,2.005388494580984,,256.0,,,30,2.0
cnnBiLSTM,detection,1,2.3845536448061466,2.598077356815338,,256.0,,,30,3.0
cnnBiLSTM,detection,1,1.1856364086270332,1.3135790545493364,,32.0,,,50,1.0
cnnBiLSTM,detection,1,1.5688069444149733,1.8424197752028704,,32.0,,,50,2.0
cnnBiLSTM,detection,1,1.9019062723964453,2.361845839768648,,32.0,,,50,3.0
cnnBiLSTM,detection,1,1.2142268847674131,1.3142610620707273,,64.0,,,50,1.0
cnnBiLSTM,detection,1,1.6229463089257479,1.8500066921114922,,64.0,,,50,2.0
cnnBiLSTM,detection,1,1.977955251932144,2.3607226461172104,,64.0,,,50,3.0
cnnBiLSTM,detection,1,1.244078641757369,1.3096592482179403,,128.0,,,50,1.0
cnnBiLSTM,detection,1,1.6504477243870497,1.8462753761559725,,128.0,,,50,2.0
cnnBiLSTM,detection,1,2.0510744862258434,2.3632085137069225,,128.0,,,50,3.0
cnnBiLSTM,detection,1,1.3082803133875132,1.4142230525612831,,256.0,,,50,1.0
cnnBiLSTM,detection,1,1.8457351997494698,2.01214212924242,,256.0,,,50,2.0
cnnBiLSTM,detection,1,2.4064949713647366,2.59768039919436,,256.0,,,50,3.0
cnnBiLSTM,detection,1,1.1775410454720259,1.3099585380405188,,32.0,,,80,1.0
cnnBiLSTM,detection,1,1.5788841806352139,1.8323144223541021,,32.0,,,80,2.0
cnnBiLSTM,detection,1,1.905335858464241,2.3444485757499933,,32.0,,,80,3.0
cnnBiLSTM,detection,1,1.2126663327217102,1.2992832902818918,,64.0,,,80,1.0
cnnBiLSTM,detection,1,1.6075360868126154,1.8324394058436155,,64.0,,,80,2.0
cnnBiLSTM,detection,1,1.9750729110091927,2.3465546499937773,,64.0,,,80,3.0
cnnBiLSTM,detection,1,1.229776181280613,1.3010723236948252,,128.0,,,80,1.0
cnnBiLSTM,detection,1,1.647944264113903,1.839157184585929,,128.0,,,80,2.0
cnnBiLSTM,detection,1,2.0429339818656445,2.3505672719329596,,128.0,,,80,3.0
cnnBiLSTM,detection,1,1.3054966647177935,1.4031634572893381,,256.0,,,80,1.0
cnnBiLSTM,detection,1,1.8485953193157911,1.9969232473522422,,256.0,,,80,2.0
cnnBiLSTM,detection,1,2.4280104599893093,2.5837842747569084,,256.0,,,80,3.0
cnnBiLSTM,detection,1,1.1872020177543163,1.3036450650542974,,32.0,,,100,1.0
cnnBiLSTM,detection,1,1.5592420380562544,1.8362764082849026,,32.0,,,100,2.0
cnnBiLSTM,detection,1,1.9091984815895557,2.345848185941577,,32.0,,,100,3.0
cnnBiLSTM,detection,1,1.242913044989109,1.315030651167035,,64.0,,,100,1.0
cnnBiLSTM,detection,1,1.6253719292581081,1.8379331845790148,,64.0,,,100,2.0
cnnBiLSTM,detection,1,1.9846547301858664,2.3469364549964666,,64.0,,,100,3.0
cnnBiLSTM,detection,1,1.2395119946449995,1.3031008653342724,,128.0,,,100,1.0
cnnBiLSTM,detection,1,1.6686688084155321,1.8453058786690235,,128.0,,,100,2.0
cnnBiLSTM,detection,1,2.0529948454350233,2.3516864329576492,,128.0,,,100,3.0
cnnBiLSTM,detection,1,1.2952920515090227,1.401547845453024,,256.0,,,100,1.0
cnnBiLSTM,detection,1,1.856849566102028,2.00255885720253,,256.0,,,100,2.0
cnnBiLSTM,detection,1,2.4437714740633965,2.5867059268057346,,256.0,,,100,3.0
cnnBiLSTM,detection,1,1.2043799087405205,1.3067683018743992,,32.0,,,150,1.0
cnnBiLSTM,detection,1,1.5954212006181479,1.834523780271411,,32.0,,,150,2.0
cnnBiLSTM,detection,1,1.942522767931223,2.3494866862893105,,32.0,,,150,3.0
cnnBiLSTM,detection,1,1.2533797789365053,1.3231505174189806,,64.0,,,150,1.0
cnnBiLSTM,detection,1,1.6410889755934477,1.839215513318777,,64.0,,,150,2.0
cnnBiLSTM,detection,1,2.0257795322686434,2.420639283955097,,64.0,,,150,3.0
cnnBiLSTM,detection,1,1.6172910667955875,1.3049457874149084,,128.0,,,150,1.0
cnnBiLSTM,detection,1,1.7135974206030369,1.863800985738635,,128.0,,,150,2.0
cnnBiLSTM,detection,1,2.0897951908409595,2.360867615789175,,128.0,,,150,3.0
cnnBiLSTM,detection,1,1.3480284065008163,1.4085434935986996,,256.0,,,150,1.0
cnnBiLSTM,detection,1,1.8895780760794878,2.0322306733578444,,256.0,,,150,2.0
cnnBiLSTM,detection,1,2.473477367311716,2.565411515533924,,256.0,,,150,3.0
cnnBiLSTM,detection,1,1.1952363606542349,1.3087484613060951,,32.0,,,200,1.0
cnnBiLSTM,detection,1,1.592424800619483,1.8289880640804768,,32.0,,,200,2.0
cnnBiLSTM,detection,1,1.9731614366173744,2.321268590167165,,32.0,,,200,3.0
cnnBiLSTM,detection,1,1.2584514915943146,1.3046655431389809,,64.0,,,200,1.0
cnnBiLSTM,detection,1,1.6198120545595884,1.9520091358572245,,64.0,,,200,2.0
cnnBiLSTM,detection,1,1.9786413107067349,2.3607196006923914,,64.0,,,200,3.0
cnnBiLSTM,detection,1,1.271693091839552,1.288435459136963,,128.0,,,200,1.0
cnnBiLSTM,detection,1,1.6731885727494955,1.8430653680115938,,128.0,,,200,2.0
cnnBiLSTM,detection,1,2.0691233687102795,2.3468892090022564,,128.0,,,200,3.0
cnnBiLSTM,detection,1,1.3152067083865404,1.3826401811093092,,256.0,,,200,1.0
cnnBiLSTM,detection,1,1.9188139401376247,1.9893993996083734,,256.0,,,200,2.0
cnnBiLSTM,detection,1,2.5681058783084154,2.5824115332216024,,256.0,,,200,3.0
cnnBiLSTM,localization,1,1.1562042590230703,1.2493930291384459,,32.0,,,30,1.0
cnnBiLSTM,localization,1,1.5231247711926699,1.7859870754182339,,32.0,,,30,2.0
cnnBiLSTM,localization,1,1.8530722707509995,2.2784612141549587,,32.0,,,30,3.0
cnnBiLSTM,localization,1,1.1883997078984976,1.2495519407093525,,64.0,,,30,1.0
cnnBiLSTM,localization,1,1.5710295736789703,1.7935099359601736,,64.0,,,30,2.0
cnnBiLSTM,localization,1,1.938026249408722,2.299190554767847,,64.0,,,30,3.0
cnnBiLSTM,localization,1,1.3782872632145882,1.259551364928484,,128.0,,,30,1.0
cnnBiLSTM,localization,1,1.873928029090166,1.7785806581377983,,128.0,,,30,2.0
cnnBiLSTM,localization,1,2.0808138698339462,2.323187869042158,,128.0,,,30,3.0
cnnBiLSTM,localization,1,1.2566537875682116,1.371683832257986,,256.0,,,30,1.0
cnnBiLSTM,localization,1,1.8188043590635061,1.9629617221653461,,256.0,,,30,2.0
cnnBiLSTM,localization,1,2.3994547594338655,2.6375413220375776,,256.0,,,30,3.0
cnnBiLSTM,localization,1,1.1697376612573862,1.2781121768057346,,32.0,,,50,1.0
cnnBiLSTM,localization,1,1.5350380912423134,1.809961860999465,,32.0,,,50,2.0
cnnBiLSTM,localization,1,1.8819105811417103,2.3232696298509836,,32.0,,,50,3.0
cnnBiLSTM,localization,1,1.1871417611837387,1.2702454719692469,,64.0,,,50,1.0
cnnBiLSTM,localization,1,1.561470702290535,1.8112093955278397,,64.0,,,50,2.0
cnnBiLSTM,localization,1,1.9334285520017147,2.321628835052252,,64.0,,,50,3.0
cnnBiLSTM,localization,1,1.1984258238226175,1.275032302364707,,128.0,,,50,1.0
cnnBiLSTM,localization,1,1.607849644497037,1.8099797889590263,,128.0,,,50,2.0
cnnBiLSTM,localization,1,2.016274221241474,2.3234891146421432,,128.0,,,50,3.0
cnnBiLSTM,localization,1,1.2515224609524012,1.369337271898985,,256.0,,,50,1.0
cnnBiLSTM,localization,1,1.8360679131001234,1.968298368155956,,256.0,,,50,2.0
cnnBiLSTM,localization,1,2.437576847150922,2.5591980945318937,,256.0,,,50,3.0
cnnBiLSTM,localization,1,1.1529306508600712,1.2670488003641367,,32.0,,,80,1.0
cnnBiLSTM,localization,1,1.5114017575979233,1.8085214123129845,,32.0,,,80,2.0
cnnBiLSTM,localization,1,1.8452952522784472,2.318254467099905,,32.0,,,80,3.0
cnnBiLSTM,localization,1,1.1734999436885118,1.2711681611835957,,64.0,,,80,1.0
cnnBiLSTM,localization,1,1.559173446148634,1.8053856492042542,,64.0,,,80,2.0
cnnBiLSTM,localization,1,1.923285499215126,2.3162485007196665,,64.0,,,80,3.0
cnnBiLSTM,localization,1,1.176547696813941,1.2606872245669365,,128.0,,,80,1.0
cnnBiLSTM,localization,1,1.5986507292836905,1.7779312003403902,,128.0,,,80,2.0
cnnBiLSTM,localization,1,2.014036178588867,2.293116357177496,,128.0,,,80,3.0
cnnBiLSTM,localization,1,1.2444776855409145,1.3442753814160824,,256.0,,,80,1.0
cnnBiLSTM,localization,1,1.810542130842805,2.13565394282341,,256.0,,,80,2.0
cnnBiLSTM,localization,1,2.408457435667515,2.5187332183122635,,256.0,,,80,3.0
cnnBiLSTM,localization,1,1.1576181557029486,1.2481391709297895,,32.0,,,100,1.0
cnnBiLSTM,localization,1,1.5487196296453476,1.7973188869655132,,32.0,,,100,2.0
cnnBiLSTM,localization,1,1.8868569005280733,2.2895859088748693,,32.0,,,100,3.0
cnnBiLSTM,localization,1,1.2011670228093863,1.258981842547655,,64.0,,,100,1.0
cnnBiLSTM,localization,1,1.5710042789578438,1.8219092581421137,,64.0,,,100,2.0
cnnBiLSTM,localization,1,1.9356489647179842,2.275223610922694,,64.0,,,100,3.0
cnnBiLSTM,localization,1,1.1871328298002481,1.2542571686208248,,128.0,,,100,1.0
cnnBiLSTM,localization,1,1.6140180733054876,1.8090422917157412,,128.0,,,100,2.0
cnnBiLSTM,localization,1,2.0182034838944674,2.293788865208626,,128.0,,,100,3.0
cnnBiLSTM,localization,1,1.2698460090905428,1.3639845978468657,,256.0,,,100,1.0
cnnBiLSTM,localization,1,1.8504355009645224,1.9596698600798848,,256.0,,,100,2.0
cnnBiLSTM,localization,1,2.4063896480947733,2.527723191305995,,256.0,,,100,3.0
cnnBiLSTM,localization,1,1.180728580802679,1.2603641860187054,,32.0,,,150,1.0
cnnBiLSTM,localization,1,1.5777229890227318,1.7950004618614912,,32.0,,,150,2.0
cnnBiLSTM,localization,1,1.940663643181324,2.300437493249774,,32.0,,,150,3.0
cnnBiLSTM,localization,1,1.2036142218858004,1.258916798979044,,64.0,,,150,1.0
cnnBiLSTM,localization,1,1.5833087917417288,1.785483369603753,,64.0,,,150,2.0
cnnBiLSTM,localization,1,1.9413800910115242,2.2886238992214203,,64.0,,,150,3.0
cnnBiLSTM,localization,1,1.192566603422165,1.2547430861741304,,128.0,,,150,1.0
cnnBiLSTM,localization,1,1.8450281769037247,1.861240714788437,,128.0,,,150,2.0
cnnBiLSTM,localization,1,2.303994381800294,2.3234197590500116,,128.0,,,150,3.0
cnnBiLSTM,localization,1,1.2833102885633707,1.3633465487509966,,256.0,,,150,1.0
cnnBiLSTM,localization,1,1.8330128397792578,1.9905158504843712,,256.0,,,150,2.0
cnnBiLSTM,localization,1,2.3876346461474895,2.535362606868148,,256.0,,,150,3.0
cnnBiLSTM,localization,1,1.2159260641783476,1.3139199744910002,,32.0,,,200,1.0
cnnBiLSTM,localization,1,1.5643394738435745,1.784326247870922,,32.0,,,200,2.0
cnnBiLSTM,localization,1,1.8956421501934528,2.3036553896963596,,32.0,,,200,3.0
cnnBiLSTM,localization,1,1.2235120497643948,1.2720515951514244,,64.0,,,200,1.0
cnnBiLSTM,localization,1,1.5854035690426826,1.7929926235228777,,64.0,,,200,2.0
cnnBiLSTM,localization,1,1.9575873017311094,2.303586322814226,,64.0,,,200,3.0
cnnBiLSTM,localization,1,1.2098685279488564,1.258561871945858,,128.0,,,200,1.0
cnnBiLSTM,localization,1,1.6560251358896494,1.8042458780109882,,128.0,,,200,2.0
cnnBiLSTM,localization,1,2.0935058780014515,2.308904444798827,,128.0,,,200,3.0
cnnBiLSTM,localization,1,1.2759775575250387,1.3655136339366436,,256.0,,,200,1.0
cnnBiLSTM,localization,1,1.8736546207219362,1.949074687436223,,256.0,,,200,2.0
cnnBiLSTM,localization,1,2.435277570039034,2.5384908728301525,,256.0,,,200,3.0
cnnBiLSTM,localization,1,1.2103004939854145,1.2569154147058725,,32.0,,,250,1.0
cnnBiLSTM,localization,1,1.5542938373982906,1.7873501870781183,,32.0,,,250,2.0
cnnBiLSTM,localization,1,1.898155938833952,2.3178107663989067,,32.0,,,250,3.0
cnnBiLSTM,localization,1,1.1938045173883438,1.267120372503996,,64.0,,,250,1.0
cnnBiLSTM,localization,1,1.6451452020555735,1.7929821740835905,,64.0,,,250,2.0
cnnBiLSTM,localization,1,1.9752766005694866,2.2864966839551926,,64.0,,,250,3.0
cnnBiLSTM,localization,1,1.2121606152504683,1.2807082571089268,,128.0,,,250,1.0
cnnBiLSTM,localization,1,1.628297260031104,1.8028500024229288,,128.0,,,250,2.0
cnnBiLSTM,localization,1,2.0309356972575188,2.313386807218194,,128.0,,,250,3.0
cnnBiLSTM,localization,1,1.2791780941188335,1.3541858177632093,,256.0,,,250,1.0
cnnBiLSTM,localization,1,1.839430695399642,1.9556643348187206,,256.0,,,250,2.0
cnnBiLSTM,localization,1,2.373995091766119,2.558999489992857,,256.0,,,250,3.0
cnnBiLSTM,localization,1,1.194608323276043,1.2633640132844448,,32.0,,,300,1.0
cnnBiLSTM,localization,1,1.5928694419562817,1.794193396344781,,32.0,,,300,2.0
cnnBiLSTM,localization,1,1.9239296857267618,2.2875200118869543,,32.0,,,300,3.0
cnnBiLSTM,localization,1,1.2074785307049751,1.2666214723140001,,64.0,,,300,1.0
cnnBiLSTM,localization,1,1.5865602530539036,1.8038538191467524,,64.0,,,300,2.0
cnnBiLSTM,localization,1,1.9611899554729464,2.2920838091522455,,64.0,,,300,3.0
cnnBiLSTM,localization,1,1.2144817132502794,1.2701272312551737,,128.0,,,300,1.0
cnnBiLSTM,localization,1,1.6305901948362589,1.7856409028172493,,128.0,,,300,2.0
cnnBiLSTM,localization,1,2.0271423924714327,2.31145310215652,,128.0,,,300,3.0
cnnBiLSTM,localization,1,1.2883196491748095,1.3481322582811117,,256.0,,,300,1.0
cnnBiLSTM,localization,1,1.8377603683620691,1.9392799772322178,,256.0,,,300,2.0
cnnBiLSTM,localization,1,2.3912799265235662,2.5373157020658255,,256.0,,,300,3.0
TransformerModel,detection,1,0.6199058331549168,0.5817918945103884,64.0,,1.0,1.0,100,
TransformerModel,detection,1,0.5718959309160709,0.4791655857115984,64.0,,4.0,1.0,100,
TransformerModel,detection,1,0.5501438118517399,0.4810991883277893,64.0,,8.0,1.0,100,
TransformerModel,detection,1,1.684969812631607,1.4962146431207657,64.0,,1.0,4.0,100,
TransformerModel,detection,1,1.4412008132785559,1.0838296171277761,64.0,,4.0,4.0,100,
TransformerModel,detection,1,1.3598039373755455,1.0863921884447336,64.0,,8.0,4.0,100,
TransformerModel,detection,1,3.103106440976262,2.7353011816740036,64.0,,1.0,8.0,100,
TransformerModel,detection,1,2.5616425927728415,1.9021911825984716,64.0,,4.0,8.0,100,
TransformerModel,detection,1,2.4308139458298683,1.8780474457889795,64.0,,8.0,8.0,100,
TransformerModel,detection,1,0.691278362646699,0.5672691948711872,128.0,,1.0,1.0,100,
TransformerModel,detection,1,0.6519796885550022,0.47971622087061405,128.0,,4.0,1.0,100,
TransformerModel,detection,1,0.7796524651348591,0.4802650399506092,128.0,,8.0,1.0,100,
TransformerModel,detection,1,2.2710313368588686,1.5122515987604856,128.0,,1.0,4.0,100,
TransformerModel,detection,1,2.13265766389668,1.0890853218734264,128.0,,4.0,4.0,100,
TransformerModel,detection,1,2.124047102406621,1.1127930879592896,128.0,,8.0,4.0,100,
TransformerModel,detection,1,4.262985987588763,2.8129215259104967,128.0,,1.0,8.0,100,
TransformerModel,detection,1,3.90894670970738,1.9290469959378242,128.0,,4.0,8.0,100,
TransformerModel,detection,1,3.9134600292891264,1.9305234588682652,128.0,,8.0,8.0,100,
TransformerModel,detection,1,1.6732534486800432,0.5772492662072182,256.0,,1.0,1.0,100,
TransformerModel,detection,1,1.7082128208130598,0.4868367128074169,256.0,,4.0,1.0,100,
TransformerModel,detection,1,1.7203471716493368,0.49628058448433876,256.0,,8.0,1.0,100,
TransformerModel,detection,1,3.3898885641247034,1.5196561440825462,256.0,,1.0,4.0,100,
TransformerModel,detection,1,3.3335685916244984,1.1087359115481377,256.0,,4.0,4.0,100,
TransformerModel,detection,1,3.5584654193371534,1.125821778550744,256.0,,8.0,4.0,100,
TransformerModel,detection,1,5.832548653706908,2.843256825581193,256.0,,1.0,8.0,100,
TransformerModel,detection,1,5.76976353302598,1.9690356776118279,256.0,,4.0,8.0,100,
TransformerModel,detection,1,5.7893723621964455,1.9731299299746752,256.0,,8.0,8.0,100,
TransformerModel,detection,1,1.1838764604181051,0.6081060040742159,512.0,,1.0,1.0,100,
TransformerModel,detection,1,0.8978830650448799,0.5059108231216669,512.0,,4.0,1.0,100,
TransformerModel,detection,1,0.8567841909825802,0.5066467821598053,512.0,,8.0,1.0,100,
TransformerModel,detection,1,2.645721063017845,1.5873525477945805,512.0,,1.0,4.0,100,
TransformerModel,detection,1,2.413294706493616,1.1316874343901873,512.0,,4.0,4.0,100,
TransformerModel,detection,1,2.7520236000418663,1.1286631505936384,512.0,,8.0,4.0,100,
TransformerModel,detection,1,5.293932743370533,2.901998618617654,512.0,,1.0,8.0,100,
TransformerModel,detection,1,4.712640605866909,1.9889726396650074,512.0,,4.0,8.0,100,
TransformerModel,detection,1,4.760388359427452,1.9285817351192236,512.0,,8.0,8.0,100,
TransformerModel,detection,1,0.6250846106559038,0.5773945059627295,64.0,,1.0,1.0,200,
TransformerModel,detection,1,0.5738903395831585,0.4826110042631626,64.0,,4.0,1.0,200,
TransformerModel,detection,1,0.5521571636199951,0.4803211148828268,64.0,,8.0,1.0,200,
TransformerModel,detection,1,1.7282076459378004,1.5134525019675493,64.0,,1.0,4.0,200,
TransformerModel,detection,1,1.482291566208005,1.093320557847619,64.0,,4.0,4.0,200,
TransformerModel,detection,1,1.3962365966290236,1.1168343666940928,64.0,,8.0,4.0,200,
TransformerModel,detection,1,3.1656457018107176,2.7937615010887384,64.0,,1.0,8.0,200,
TransformerModel,detection,1,2.6787078008055687,1.9398070964962244,64.0,,4.0,8.0,200,
TransformerModel,detection,1,2.514989245682955,1.9156748242676258,64.0,,8.0,8.0,200,
TransformerModel,detection,1,0.7389703672379255,0.584013294428587,128.0,,1.0,1.0,200,
TransformerModel,detection,1,0.7068099640309811,0.4881010763347149,128.0,,4.0,1.0,200,
TransformerModel,detection,1,0.6970644649118185,0.4885653965175152,128.0,,8.0,1.0,200,
TransformerModel,detection,1,2.0919429510831833,1.5445183403789997,128.0,,1.0,4.0,200,
TransformerModel,detection,1,1.9913883320987225,1.115328622981906,128.0,,4.0,4.0,200,
TransformerModel,detection,1,1.9309265352785587,1.1096902843564749,128.0,,8.0,4.0,200,
TransformerModel,detection,1,3.8751020282506943,2.809134488925338,128.0,,1.0,8.0,200,
TransformerModel,detection,1,3.675708808004856,1.943525094538927,128.0,,4.0,8.0,200,
TransformerModel,detection,1,3.673337884247303,1.9394046068191528,128.0,,8.0,8.0,200,
TransformerModel,detection,1,1.7434535454958677,0.5725817289203405,256.0,,1.0,1.0,200,
TransformerModel,detection,1,1.7339380644261837,0.49452725797891617,256.0,,4.0,1.0,200,
TransformerModel,detection,1,1.7232802882790565,0.5000398866832256,256.0,,8.0,1.0,200,
TransformerModel,detection,1,3.3777858037501574,1.5361822675913572,256.0,,1.0,4.0,200,
TransformerModel,detection,1,3.258079756051302,1.13499672152102,256.0,,4.0,4.0,200,
TransformerModel,detection,1,2.9539579804986715,1.1189312394708395,256.0,,8.0,4.0,200,
TransformerModel,detection,1,5.5746464896947145,2.7874791901558638,256.0,,1.0,8.0,200,
TransformerModel,detection,1,5.292787430807948,1.9798881560564043,256.0,,4.0,8.0,200,
TransformerModel,detection,1,4.715086724609137,1.9591661728918555,256.0,,8.0,8.0,200,
TransformerModel,detection,1,1.0348945204168558,0.6112859398126602,512.0,,1.0,1.0,200,
TransformerModel,detection,1,1.020351992920041,0.5047684442251921,512.0,,4.0,1.0,200,
TransformerModel,detection,1,1.0078863892704248,0.5047312472015619,512.0,,8.0,1.0,200,
TransformerModel,detection,1,3.000089032575488,1.5770080219954252,512.0,,1.0,4.0,200,
TransformerModel,detection,1,2.6159206591546535,1.1418613139539957,512.0,,4.0,4.0,200,
TransformerModel,detection,1,2.6674725022166967,1.140024233609438,512.0,,8.0,4.0,200,
TransformerModel,detection,1,5.852652313187718,2.878173505887389,512.0,,1.0,8.0,200,
TransformerModel,detection,1,4.661832330748439,1.9607606716454031,512.0,,4.0,8.0,200,
TransformerModel,detection,1,4.956415360793471,1.9591374415904284,512.0,,8.0,8.0,200,
TransformerModel,detection,1,0.6306788604706526,0.5901888012886047,64.0,,1.0,1.0,300,
TransformerModel,detection,1,0.5892103724181652,0.5000593699514866,64.0,,4.0,1.0,300,
TransformerModel,detection,1,0.5610716342926025,0.5019693821668625,64.0,,8.0,1.0,300,
TransformerModel,detection,1,1.7469151597470045,1.5670591033995152,64.0,,1.0,4.0,300,
TransformerModel,detection,1,1.4773012697696686,1.1356291826814413,64.0,,4.0,4.0,300,
TransformerModel,detection,1,1.4030281733721495,1.1362416204065084,64.0,,8.0,4.0,300,
TransformerModel,detection,1,3.17693374119699,2.8736954648047686,64.0,,1.0,8.0,300,
TransformerModel,detection,1,2.668141918256879,1.9712472055107353,64.0,,4.0,8.0,300,
TransformerModel,detection,1,2.5081021431833506,1.972659360617399,64.0,,8.0,8.0,300,
TransformerModel,detection,1,0.7379075046628714,0.5972846318036318,128.0,,1.0,1.0,300,
TransformerModel,detection,1,0.6929369363933802,0.5023912992328405,128.0,,4.0,1.0,300,
TransformerModel,detection,1,0.7111946493387222,0.5043623130768538,128.0,,8.0,1.0,300,
TransformerModel,detection,1,2.113306364044547,1.5992262866348028,128.0,,1.0,4.0,300,
TransformerModel,detection,1,1.9514846336096525,1.1397144477814436,128.0,,4.0,4.0,300,
TransformerModel,detection,1,1.9048760831356049,1.1461795587092638,128.0,,8.0,4.0,300,
TransformerModel,detection,1,3.9800647832453246,2.8591522667557,128.0,,1.0,8.0,300,
TransformerModel,detection,1,3.5442116111516953,1.9604397378861906,128.0,,4.0,8.0,300,
TransformerModel,detection,1,3.5721895284950733,1.9603122957050798,128.0,,8.0,8.0,300,
TransformerModel,detection,1,1.6699384897947311,0.5918833240866661,256.0,,1.0,1.0,300,
TransformerModel,detection,1,1.715488350018859,0.4952508211135864,256.0,,4.0,1.0,300,
TransformerModel,detection,1,1.702572014182806,0.5060774181038141,256.0,,8.0,1.0,300,
TransformerModel,detection,1,3.6064207553863525,1.5783475153148174,256.0,,1.0,4.0,300,
TransformerModel,detection,1,3.2415917981415987,1.1278429068624973,256.0,,4.0,4.0,300,
TransformerModel,detection,1,3.197969812899828,1.1490505281835794,256.0,,8.0,4.0,300,
TransformerModel,detection,1,5.728784445673227,2.814423516392708,256.0,,1.0,8.0,300,
TransformerModel,detection,1,5.604027407243848,1.9556782487779854,256.0,,4.0,8.0,300,
TransformerModel,detection,1,5.3697694465518,1.9377488270401955,256.0,,8.0,8.0,300,
TransformerModel,detection,1,0.9916494321078062,0.5995474848896265,512.0,,1.0,1.0,300,
TransformerModel,detection,1,0.9045655746012926,0.4911279864609242,512.0,,4.0,1.0,300,
TransformerModel,detection,1,0.9998524654656648,0.4912896174937486,512.0,,8.0,1.0,300,
TransformerModel,detection,1,3.0407906603068113,1.5396463591605425,512.0,,1.0,4.0,300,
TransformerModel,detection,1,2.6154966093599796,1.1106941848993301,512.0,,4.0,4.0,300,
TransformerModel,detection,1,2.714306702837348,1.1388387624174356,512.0,,8.0,4.0,300,
TransformerModel,detection,1,6.088787047192454,2.8877052292227745,512.0,,1.0,8.0,300,
TransformerModel,detection,1,4.636272545903921,1.9921410083770752,512.0,,4.0,8.0,300,
TransformerModel,detection,1,4.712540032342076,1.9702337495982647,512.0,,8.0,8.0,300,
TransformerModel,localization,1,0.6990266498178244,0.5498658120632172,128.0,,1.0,1.0,100,
TransformerModel,localization,1,0.6621062755584717,0.45977596193552017,128.0,,4.0,1.0,100,
TransformerModel,localization,1,0.6586372014135122,0.4506679903715849,128.0,,8.0,1.0,100,
TransformerModel,localization,1,2.0099720172584057,1.5160587802529335,128.0,,1.0,4.0,100,
TransformerModel,localization,1,1.786256292834878,1.0845430567860603,128.0,,4.0,4.0,100,
TransformerModel,localization,1,1.8459096644073725,1.0785206127911806,128.0,,8.0,4.0,100,
TransformerModel,localization,1,3.7973642628639936,2.8008844517171383,128.0,,1.0,8.0,100,
TransformerModel,localization,1,3.3608143124729395,1.908021243289113,128.0,,4.0,8.0,100,
TransformerModel,localization,1,3.323299316689372,1.9120503216981888,128.0,,8.0,8.0,100,
TransformerModel,localization,1,0.8053544722497463,0.5529075767844915,256.0,,1.0,1.0,100,
TransformerModel,localization,1,0.8404569514095783,0.4567422065883875,256.0,,4.0,1.0,100,
TransformerModel,localization,1,0.8358840737491846,0.45563758350908756,256.0,,8.0,1.0,100,
TransformerModel,localization,1,2.4948446452617645,1.512681720778346,256.0,,1.0,4.0,100,
TransformerModel,localization,1,2.291524661704898,1.0740198474377394,256.0,,4.0,4.0,100,
TransformerModel,localization,1,2.378428541123867,1.0850519873201847,256.0,,8.0,4.0,100,
TransformerModel,localization,1,4.56439508125186,2.825234876945615,256.0,,1.0,8.0,100,
TransformerModel,localization,1,4.096695352345705,1.9101634807884693,256.0,,4.0,8.0,100,
TransformerModel,localization,1,3.8997722882777452,1.9122430495917797,256.0,,8.0,8.0,100,
TransformerModel,localization,1,0.8974401466548443,0.5547884199768305,512.0,,1.0,1.0,100,
TransformerModel,localization,1,0.8606699015945196,0.4585485067218542,512.0,,4.0,1.0,100,
TransformerModel,localization,1,0.8912485744804144,0.46160698868334293,512.0,,8.0,1.0,100,
TransformerModel,localization,1,2.770794117823243,1.5229327883571386,512.0,,1.0,4.0,100,
TransformerModel,localization,1,2.51772060059011,1.0884819086641073,512.0,,4.0,4.0,100,
TransformerModel,localization,1,2.532802913337946,1.0867175739258528,512.0,,8.0,4.0,100,
TransformerModel,localization,1,5.205112788826227,2.850816547870636,512.0,,1.0,8.0,100,
TransformerModel,localization,1,4.8346546571701765,1.9184042233973742,512.0,,4.0,8.0,100,
TransformerModel,localization,1,4.882628694176674,1.9232987891882658,512.0,,8.0,8.0,100,
TransformerModel,localization,1,0.7147903647273779,0.5597912333905697,128.0,,1.0,1.0,200,
TransformerModel,localization,1,0.6722859852015972,0.4587825108319521,128.0,,4.0,1.0,200,
TransformerModel,localization,1,0.6563958805054426,0.46010316349565983,128.0,,8.0,1.0,200,
TransformerModel,localization,1,2.043642271310091,1.516144284978509,128.0,,1.0,4.0,200,
TransformerModel,localization,1,1.8082270398736,1.086125522851944,128.0,,4.0,4.0,200,
TransformerModel,localization,1,1.8312833085656166,1.090276800096035,128.0,,8.0,4.0,200,
TransformerModel,localization,1,3.7391082756221294,2.7999179530888796,128.0,,1.0,8.0,200,
TransformerModel,localization,1,3.334668604657054,1.919584283605218,128.0,,4.0,8.0,200,
TransformerModel,localization,1,3.3633011765778065,1.9192805141210556,128.0,,8.0,8.0,200,
TransformerModel,localization,1,0.8228407893329859,0.5548624135553837,256.0,,1.0,1.0,200,
TransformerModel,localization,1,0.8408570569008589,0.4559571761637926,256.0,,4.0,1.0,200,
TransformerModel,localization,1,0.8311309106647968,0.4604479484260082,256.0,,8.0,1.0,200,
TransformerModel,localization,1,2.325964253395796,1.5209009684622288,256.0,,1.0,4.0,200,
TransformerModel,localization,1,2.12048745714128,1.089779306203127,256.0,,4.0,4.0,200,
TransformerModel,localization,1,2.089673988521099,1.0813396517187357,256.0,,8.0,4.0,200,
TransformerModel,localization,1,5.348903741687536,2.8138668090105057,256.0,,1.0,8.0,200,
TransformerModel,localization,1,4.093198981136084,1.9047024194151163,256.0,,4.0,8.0,200,
TransformerModel,localization,1,4.022262981161475,1.9211494643241167,256.0,,8.0,8.0,200,
TransformerModel,localization,1,1.0200809873640537,0.5500070285052061,512.0,,1.0,1.0,200,
TransformerModel,localization,1,0.8683706633746624,0.4644257016479969,512.0,,4.0,1.0,200,
TransformerModel,localization,1,0.9247325174510479,0.4616951197385788,512.0,,8.0,1.0,200,
TransformerModel,localization,1,2.704772502183914,1.539172763004899,512.0,,1.0,4.0,200,
TransformerModel,localization,1,2.6701562479138374,1.089596627280116,512.0,,4.0,4.0,200,
TransformerModel,localization,1,2.357873348519206,1.1044039856642485,512.0,,8.0,4.0,200,
TransformerModel,localization,1,5.27874561958015,2.8540971223264933,512.0,,1.0,8.0,200,
TransformerModel,localization,1,5.577659150585532,1.9325478933751583,512.0,,4.0,8.0,200,
TransformerModel,localization,1,4.6277272794395685,1.891722222790122,512.0,,8.0,8.0,200,
TransformerModel,localization,1,0.7030541822314262,0.5463718995451927,128.0,,1.0,1.0,300,
TransformerModel,localization,1,0.670585660263896,0.44914107769727707,128.0,,4.0,1.0,300,
TransformerModel,localization,1,0.6597144436091185,0.4514435678720474,128.0,,8.0,1.0,300,
TransformerModel,localization,1,2.03567523509264,1.500012306496501,128.0,,1.0,4.0,300,
TransformerModel,localization,1,1.8020780384540558,1.0754228755831718,128.0,,4.0,4.0,300,
TransformerModel,localization,1,1.8075986299663782,1.0778626892715693,128.0,,8.0,4.0,300,
TransformerModel,localization,1,3.782342281192541,2.7667695004493,128.0,,1.0,8.0,300,
TransformerModel,localization,1,3.343033269047737,1.8969394359737635,128.0,,4.0,8.0,300,
TransformerModel,localization,1,3.3828212786465883,1.8934762850403786,128.0,,8.0,8.0,300,
TransformerModel,localization,1,0.8447263203561306,0.543788718059659,256.0,,1.0,1.0,300,
TransformerModel,localization,1,0.8773872535675764,0.4504765756428242,256.0,,4.0,1.0,300,
TransformerModel,localization,1,0.9007832128554583,0.4441258031874895,256.0,,8.0,1.0,300,
TransformerModel,localization,1,2.510660393163562,1.4952802192419767,256.0,,1.0,4.0,300,
TransformerModel,localization,1,2.315278612077236,1.0767148807644844,256.0,,4.0,4.0,300,
TransformerModel,localization,1,2.248484408482909,1.0743442922830582,256.0,,8.0,4.0,300,
TransformerModel,localization,1,4.954161606729031,2.752793822437525,256.0,,1.0,8.0,300,
TransformerModel,localization,1,4.199004080146551,2.088866215199232,256.0,,4.0,8.0,300,
TransformerModel,localization,1,4.262921987101436,1.8744699470698833,256.0,,8.0,8.0,300,
TransformerModel,localization,1,1.2032050266861916,0.5503108352422714,512.0,,1.0,1.0,300,
TransformerModel,localization,1,0.9969382267445326,0.4488425515592098,512.0,,4.0,1.0,300,
TransformerModel,localization,1,1.0111055802553892,0.44857549481093884,512.0,,8.0,1.0,300,
TransformerModel,localization,1,2.7360886428505182,1.5084052458405495,512.0,,1.0,4.0,300,
TransformerModel,localization,1,2.5122654531151056,1.0707624163478613,512.0,,4.0,4.0,300,
TransformerModel,localization,1,2.9124866612255573,1.072054198011756,512.0,,8.0,4.0,300,
TransformerModel,localization,1,5.74866184964776,2.8583458345383406,512.0,,1.0,8.0,300,
TransformerModel,localization,1,4.780767923220992,1.947024054825306,512.0,,4.0,8.0,300,
TransformerModel,localization,1,4.716553445905447,1.920828828588128,512.0,,8.0,8.0,300,
