filename,accuracy
a1_4.csv,100.0
a6_1.csv,94.81743227326265
a2_2.csv,99.77924944812362
a5_7.csv,98.55491329479769
a2_7.csv,96.71150971599403
a5_6.csv,96.25
a1_5.csv,99.86486486486487
a1_2.csv,100.0
a6_8.csv,99.87244897959184
a4_1.csv,98.84763124199743
a4_3.csv,94.88
a1_6.csv,100.0
a4_8.csv,100.0
a4_5.csv,100.0
a8_6.csv,94.69578783151326
a5_1.csv,100.0
a8_1.csv,94.65301478953356
a4_2.csv,100.0
a4_6.csv,98.35051546391752
a7_2.csv,91.75
a1_9.csv,100.0
a3_3.csv,87.76119402985074
a6_7.csv,97.2183588317107
a7_6.csv,96.1335676625659
a1_3.csv,100.0
a4_7.csv,97.96264855687606
a2_5.csv,98.55491329479769
a7_3.csv,100.0
a3_6.csv,100.0
a1_1.csv,97.03389830508475
a2_1.csv,95.71303587051618
a6_4.csv,100.0
a7_9.csv,98.40558046836074
a6_6.csv,98.92280071813285
a1_7.csv,100.0
a2_4.csv,99.8272884283247
a1_8.csv,100.0
a3_4.csv,95.25065963060686
a2_6.csv,100.0
a7_7.csv,96.59442724458205
a5_4.csv,100.0
a3_8.csv,100.0
a2_9.csv,99.21402660217655
a7_5.csv,97.76609724047306
a6_9.csv,97.27928928373126
a2_3.csv,81.64179104477613
a7_1.csv,100.0
a8_7.csv,100.0
a8_4.csv,98.35728952772074
a4_4.csv,100.0
a3_9.csv,97.50132908027645
a6_2.csv,97.5103734439834
a5_9.csv,83.36314847942755
a8_3.csv,100.0
a5_5.csv,93.89312977099237
a8_8.csv,97.76951672862454
a5_2.csv,99.89059080962801
a7_4.csv,100.0
a7_8.csv,99.71056439942113
a3_1.csv,93.37676438653637
a3_2.csv,100.0
a3_7.csv,97.79874213836479
a4_9.csv,98.52374839537869
a5_8.csv,99.65928449744463
a2_8.csv,98.33080424886191
a8_9.csv,93.75354911981827
a8_5.csv,94.65648854961832
a6_5.csv,95.3560371517028
a5_3.csv,97.68115942028986
a6_3.csv,93.42359767891682
a3_5.csv,93.51145038167938
g2_8.csv,98.52216748768473
g2_4.csv,98.3739837398374
g2_1.csv,77.13675213675214
g1_6.csv,88.78718535469108
g2_7.csv,96.39999999999999
g1_7.csv,100.0
g2_3.csv,95.7471264367816
g1_4.csv,96.74054758800521
g1_9.csv,88.71763255240444
g2_2.csv,98.41101694915254
g2_6.csv,91.61205766710354
g1_2.csv,100.0
g1_1.csv,99.39577039274926
g2_9.csv,59.02255639097744
g1_8.csv,100.0
g1_3.csv,100.0
g1_5.csv,100.0
g2_5.csv,96.2852897473997
e2_7.csv,96.15384615384616
e1_1.csv,88.43612334801763
e4_9.csv,99.63008631319359
e2_9.csv,96.95051783659379
e2_1.csv,100.0
e4_1.csv,99.3368700265252
e2_8.csv,100.0
e3_2.csv,98.66036249014972
e5_5.csv,100.0
e2_2.csv,94.40447641886492
e1_6.csv,93.47536617842877
e2_3.csv,92.28998849252014
e4_5.csv,94.67592592592592
e1_7.csv,95.23809523809523
e2_4.csv,96.484375
e3_3.csv,99.87063389391979
e5_9.csv,96.38196915776986
e3_1.csv,100.0
e5_1.csv,100.0
e4_2.csv,100.0
e5_3.csv,100.0
e5_7.csv,100.0
e4_4.csv,99.35587761674718
e3_8.csv,91.14927344782035
e1_2.csv,96.46107178968654
e4_6.csv,97.0074812967581
e3_5.csv,96.14093959731544
e3_9.csv,93.87040280210157
e3_4.csv,100.0
e4_7.csv,100.0
e4_8.csv,99.84639016897081
e3_7.csv,96.06440071556351
e1_9.csv,77.18047174986286
e2_5.csv,100.0
e5_4.csv,98.35575485799701
e5_6.csv,100.0
e1_4.csv,85.06024096385542
e1_3.csv,93.45579793340988
e1_8.csv,99.15966386554622
e3_6.csv,100.0
e2_6.csv,100.0
e5_2.csv,100.0
e4_3.csv,98.08743169398907
e5_8.csv,96.68367346938776
e1_5.csv,97.94520547945206
d4_7.csv,99.84848484848486
d8_8.csv,97.58620689655172
d8_5.csv,100.0
d7_1.csv,96.0285941223193
d5_7.csv,91.00719424460432
d2_1.csv,96.15048118985126
d4_4.csv,98.08153477218225
d6_8.csv,100.0
d8_6.csv,92.12410501193318
d3_6.csv,92.7367055771725
d5_1.csv,100.0
d3_2.csv,100.0
d3_4.csv,100.0
d5_9.csv,83.88986526069128
d5_5.csv,100.0
d4_3.csv,88.9051094890511
d4_9.csv,99.16247906197655
d8_9.csv,97.84172661870504
d3_1.csv,85.7336956521739
d6_4.csv,100.0
d8_7.csv,100.0
d6_2.csv,81.7524115755627
d3_9.csv,90.6832298136646
d1_8.csv,97.34177215189874
d6_3.csv,92.7710843373494
d7_5.csv,96.22222222222221
d6_9.csv,88.60428646105593
d4_6.csv,98.81305637982196
d2_8.csv,100.0
d2_3.csv,100.0
d7_6.csv,98.5553772070626
d5_2.csv,100.0
d5_3.csv,98.59872611464968
d8_1.csv,100.0
d1_3.csv,84.70464135021098
d1_7.csv,97.92592592592592
d5_8.csv,97.77777777777777
d7_7.csv,99.002849002849
d7_3.csv,97.03440094899169
d4_5.csv,97.76876267748479
d1_6.csv,100.0
d6_5.csv,92.95238095238095
d1_4.csv,98.36867862969005
d3_8.csv,93.5103244837758
d2_2.csv,97.789566755084
d7_4.csv,98.93475366178428
d5_6.csv,85.3907134767837
d7_9.csv,95.53305539011316
d7_8.csv,97.88732394366197
d2_6.csv,95.18518518518519
d2_7.csv,97.48427672955975
d1_2.csv,100.0
d1_9.csv,96.04700854700855
d3_5.csv,95.75163398692811
d3_7.csv,96.62921348314607
d4_2.csv,91.01265822784809
d4_1.csv,99.06832298136646
d8_4.csv,99.83249581239531
d3_3.csv,93.6473165388828
d1_5.csv,97.52321981424149
d6_1.csv,100.0
d8_3.csv,98.05825242718447
d1_1.csv,99.80638915779284
d2_4.csv,100.0
d6_6.csv,93.75684556407448
d4_8.csv,99.86910994764398
d5_4.csv,96.81762545899633
d6_7.csv,97.50445632798575
d2_5.csv,96.59735349716446
d7_2.csv,70.43966323666979
d2_9.csv,96.74657534246576
c5_6.csv,93.71584699453553
c10_6.csv,99.86807387862797
c9_6.csv,98.22485207100591
c6_3.csv,93.26599326599326
c5_3.csv,100.0
c3_3.csv,95.03311258278146
c9_2.csv,98.1230448383733
c4_8.csv,98.4126984126984
c11_5.csv,90.60955518945634
c1_6.csv,93.27073552425665
c2_8.csv,97.52212389380531
c2_3.csv,91.30434782608695
c13_5.csv,91.67842031029619
c10_2.csv,100.0
c9_7.csv,94.8542024013722
c10_5.csv,96.0618846694796
c2_7.csv,90.0
c6_2.csv,97.33796296296296
c11_7.csv,95.17241379310344
c5_7.csv,97.84768211920529
c10_9.csv,99.16969382459781
c12_5.csv,99.5850622406639
c3_4.csv,100.0
c3_8.csv,100.0
c13_2.csv,95.95375722543352
c1_4.csv,95.37444933920705
c4_7.csv,98.13374805598755
c6_5.csv,84.78701825557809
c12_8.csv,96.86162624821684
c7_9.csv,96.80038204393504
c4_3.csv,96.22641509433963
c4_6.csv,100.0
c3_9.csv,100.0
c9_8.csv,97.71812080536913
c5_4.csv,100.0
c13_6.csv,92.776886035313
c8_7.csv,96.7741935483871
c4_9.csv,100.0
c7_4.csv,100.0
c11_3.csv,97.34607218683652
c6_4.csv,97.97421731123389
c5_5.csv,100.0
c10_7.csv,94.5
c11_9.csv,97.62803234501348
c13_7.csv,94.8892674616695
c12_2.csv,98.92601431980907
c6_1.csv,89.51219512195122
c5_1.csv,100.0
c9_3.csv,98.78971255673223
c13_4.csv,98.72611464968153
c2_9.csv,93.72006386375732
c10_3.csv,96.29120879120879
c8_9.csv,97.49124854142357
c5_9.csv,97.67733835530446
c6_8.csv,97.54098360655738
c2_1.csv,90.9307875894988
c7_3.csv,100.0
c11_1.csv,97.8409090909091
c3_7.csv,97.95221843003414
c8_3.csv,100.0
c1_3.csv,95.66433566433567
c7_8.csv,95.74193548387096
c13_9.csv,87.34232274902132
c2_2.csv,96.82539682539682
c8_2.csv,99.57401490947817
c12_4.csv,97.16417910447761
c4_5.csv,95.97457627118644
c1_5.csv,78.1055900621118
c2_4.csv,66.66666666666666
c2_5.csv,94.5985401459854
c12_7.csv,93.05740987983978
c10_8.csv,99.01234567901234
c12_3.csv,94.42508710801394
c3_5.csv,95.96199524940617
c7_6.csv,92.82814614343707
c13_3.csv,93.37260677466863
c9_9.csv,86.97123519458545
c10_1.csv,97.16599190283401
c3_6.csv,100.0
c7_2.csv,96.25
c7_1.csv,97.9370249728556
c11_4.csv,100.0
c12_1.csv,97.24770642201835
c7_5.csv,96.06879606879608
c5_8.csv,100.0
c6_6.csv,93.33333333333333
c2_6.csv,100.0
c3_1.csv,98.67021276595744
c10_4.csv,100.0
c12_6.csv,97.80033840947546
c12_9.csv,94.42359249329759
c4_4.csv,95.15151515151516
c4_1.csv,97.98206278026906
c8_8.csv,100.0
c1_1.csv,95.17937219730942
c1_9.csv,95.47817047817048
c6_9.csv,97.53483386923901
c13_8.csv,95.13064133016627
c8_4.csv,99.83193277310924
c11_8.csv,98.56733524355302
c9_4.csv,100.0
c3_2.csv,100.0
c8_6.csv,98.66863905325444
c7_7.csv,100.0
c4_2.csv,99.48275862068967
c8_1.csv,100.0
c5_2.csv,100.0
c1_8.csv,93.61313868613139
c9_1.csv,99.14263445050663
c6_7.csv,91.61392405063292
c1_7.csv,95.65217391304348
c8_5.csv,99.84101748807632
c11_6.csv,99.83164983164983
c11_2.csv,98.59022556390977
c1_2.csv,96.28844114528103
c9_5.csv,96.3455149501661
b13_6.csv,100.0
b4_9.csv,100.0
b11_2.csv,100.0
b1_3.csv,100.0
b3_7.csv,96.55555555555554
b10_9.csv,78.36484983314794
b12_3.csv,96.92513368983957
b11_1.csv,100.0
b14_8.csv,88.11881188118812
b8_4.csv,98.43505477308294
b10_8.csv,99.83660130718954
b2_3.csv,98.54469854469855
b4_7.csv,99.74619289340102
b9_1.csv,94.73684210526315
b12_4.csv,89.47368421052632
b12_1.csv,96.73913043478261
b5_9.csv,100.0
b11_6.csv,90.527950310559
b14_9.csv,97.85258270458502
b6_5.csv,100.0
b6_4.csv,97.2568578553616
b2_9.csv,96.77018633540374
b11_8.csv,98.54809437386571
b4_3.csv,98.42857142857143
b14_2.csv,97.92566983578219
b13_9.csv,99.1219512195122
b11_5.csv,100.0
b2_7.csv,98.56687898089172
b9_6.csv,96.05911330049261
b5_7.csv,100.0
b5_6.csv,98.08823529411764
b6_2.csv,100.0
b8_3.csv,93.7947494033413
b14_3.csv,97.61606022584692
b5_8.csv,100.0
b14_6.csv,97.96557120500783
b3_2.csv,96.92307692307692
b12_6.csv,99.84051036682615
b6_7.csv,100.0
b2_2.csv,96.70846394984326
b3_6.csv,98.60896445131375
b12_7.csv,96.89034369885434
b1_1.csv,96.91969196919692
b8_2.csv,100.0
b10_7.csv,97.01704545454545
b11_4.csv,100.0
b9_5.csv,96.59442724458205
b13_3.csv,98.90510948905109
b10_1.csv,95.69377990430623
b4_6.csv,99.85935302390999
b7_8.csv,97.85831960461286
b6_9.csv,99.23167848699764
b4_4.csv,100.0
b10_4.csv,97.76536312849163
b10_2.csv,99.66969446738233
b6_3.csv,100.0
b1_2.csv,98.58088930936613
b10_3.csv,100.0
b10_5.csv,100.0
b12_8.csv,96.84908789386401
b5_4.csv,100.0
b3_8.csv,97.79527559055119
b14_5.csv,96.8798751950078
b7_1.csv,100.0
b8_7.csv,100.0
b13_7.csv,94.42622950819673
b2_4.csv,100.0
b8_8.csv,100.0
b8_1.csv,91.48936170212765
b1_6.csv,100.0
b2_5.csv,90.79754601226993
b11_7.csv,97.03153988868274
b1_8.csv,100.0
b13_8.csv,98.42180774748924
b5_2.csv,100.0
b11_9.csv,99.29676511954993
b7_2.csv,99.88425925925925
b8_5.csv,95.8984375
b3_3.csv,100.0
b2_8.csv,100.0
b5_5.csv,98.6784140969163
b12_2.csv,88.02139037433156
b6_1.csv,100.0
b1_7.csv,100.0
b7_9.csv,98.76873661670236
b13_1.csv,100.0
b3_4.csv,98.28393135725429
b12_9.csv,98.23834196891191
b3_9.csv,97.8130125751777
b7_3.csv,98.7885462555066
b9_2.csv,98.46153846153847
b4_1.csv,93.80341880341881
b1_4.csv,100.0
b4_2.csv,97.3902728351127
b14_1.csv,98.64176570458405
b2_6.csv,98.05825242718447
b9_7.csv,100.0
b11_3.csv,96.52777777777779
b5_1.csv,100.0
b7_5.csv,97.38988580750407
b9_4.csv,100.0
b9_3.csv,98.80794701986756
b1_9.csv,94.57690509583918
b4_8.csv,96.95431472081218
b9_9.csv,99.11134343962362
b6_6.csv,97.2875226039783
b5_3.csv,97.28506787330316
b13_4.csv,99.55882352941177
b13_2.csv,92.39013933547695
b6_8.csv,97.34848484848484
b12_5.csv,100.0
b1_5.csv,100.0
b13_5.csv,100.0
b10_6.csv,100.0
b7_7.csv,98.03328290468987
b8_6.csv,97.92663476874003
b9_8.csv,100.0
b8_9.csv,98.58044164037855
b14_7.csv,98.67986798679867
b14_4.csv,92.99065420560748
b4_5.csv,91.64265129682997
b3_1.csv,100.0
b3_5.csv,100.0
b7_6.csv,97.270955165692
b7_4.csv,97.17741935483872
b2_1.csv,99.25531914893617
f1_6.csv,96.37462235649546
f6_4.csv,100.0
f2_1.csv,100.0
f3_7.csv,100.0
f3_5.csv,91.11111111111111
f2_5.csv,100.0
f5_1.csv,99.22135706340379
f2_8.csv,100.0
f5_8.csv,100.0
f3_4.csv,97.52925877763329
f4_5.csv,90.79646017699115
f1_8.csv,99.12152269399708
f1_1.csv,99.89785495403473
f3_1.csv,100.0
f5_3.csv,100.0
f4_8.csv,95.64676616915423
f2_4.csv,77.97619047619048
f1_4.csv,81.41843971631205
f1_3.csv,100.0
f5_6.csv,100.0
f5_7.csv,100.0
f4_4.csv,83.47107438016529
f2_6.csv,97.67441860465115
f5_9.csv,91.164095371669
f1_9.csv,94.80122324159022
f4_7.csv,95.40229885057471
f1_2.csv,89.10012674271229
f2_3.csv,100.0
f5_2.csv,99.75903614457832
f6_6.csv,100.0
f6_2.csv,97.50778816199377
f3_6.csv,98.77717391304348
f4_3.csv,95.17884914463453
f3_3.csv,100.0
f2_9.csv,94.85585076314302
f5_5.csv,100.0
f6_7.csv,100.0
f2_7.csv,100.0
f1_7.csv,98.16053511705685
f6_9.csv,92.55867200915856
f4_1.csv,91.78272980501393
f3_8.csv,99.84177215189874
f4_6.csv,96.17563739376772
f1_5.csv,95.97902097902097
f2_2.csv,98.95337773549001
f6_1.csv,99.88479262672811
f5_4.csv,100.0
f3_2.csv,98.42424242424242
f4_9.csv,84.57516339869281
f6_3.csv,84.05545927209705
f3_9.csv,91.30675526024363
f6_8.csv,97.83236994219652
f4_2.csv,95.29411764705881
f6_5.csv,91.48471615720524
